"Txhash","Blockno","UnixTimestamp","DateTime","ParentTxFrom","ParentTxTo","ParentTxETH_Value","From","TxTo","ContractAddress","Value_IN(ETH)","Value_OUT(ETH)","CurrentValue @ $1595.77/Eth","Historical $Price/Eth","Status","ErrCode","Type"
"0x9e6fdf625fd806eb15df9deb65dbbc0048fc43b5b542f2da23d9f8de1ebaa7cd","13436204","1634484236","2021-10-17 15:23:56","0xbf6d39a24b0c416fda5c487bb6a563928b34ba7d","0x220866b1a2219f40e72f5c628b65d54268ca3a9d","0","0x220866b1a2219f40e72f5c628b65d54268ca3a9d","0xd8da6bf26964af9d7eed9e03e53415d37aa96045","","1","0","1595.77","3846.66","0","","call",""
"0x57f62a292b884616835546434d52be2eb056372e4c4a71ed5c8ac42e70dcc22f","13941162","1641328693","2022-01-04 20:38:13","0xd8da6bf26964af9d7eed9e03e53415d37aa96045","0xa06c2b67e7435ce25a5969e49983ec3304d8e787","0","0xa06c2b67e7435ce25a5969e49983ec3304d8e787","0xd8da6bf26964af9d7eed9e03e53415d37aa96045","","1","0","1595.77","3785.67","0","","call",""
"0x611f153ab929885f1f92828fc3657f77fc98e3803c0dd5f500677663f3fb62f1","14204597","1644845963","2022-02-14 13:39:23","0x610761dbc1c68c905b34c5e0dd2acc77778b0943","0xfba34c7da885885c597b8eeab61fdc0eee7acf3c","0","0xfba34c7da885885c597b8eeab61fdc0eee7acf3c","0xd8da6bf26964af9d7eed9e03e53415d37aa96045","","0.000003524203094085","0","0.00562381757144802","2931.12","0","","call",""
"0xcab2571b9ea9a28faef4d21e29433ca699192baf5a9d6daabc107d62d0850830","14331390","1646543270","2022-03-06 05:07:50","0xfcf75295f242c4e87203abb5d7c9bbeda90a8895","0x737901bea3eeb88459df9ef1be8ff3ae1b42a2ba","0","0x737901bea3eeb88459df9ef1be8ff3ae1b42a2ba","0xd8da6bf26964af9d7eed9e03e53415d37aa96045","","0.00004","0","0.0638308","2552.58","0","","call",""
"0x68a5f55a8b81e644e1564575bacec34c86d08d555407981f37798b80eb542d54","14482655","1648577448","2022-03-29 18:10:48","0xd8da6bf26964af9d7eed9e03e53415d37aa96045","0x220866b1a2219f40e72f5c628b65d54268ca3a9d","0","0x220866b1a2219f40e72f5c628b65d54268ca3a9d","0xd8da6bf26964af9d7eed9e03e53415d37aa96045","","5000","0","7978850","3402.62","0","","call",""
"0x9846ec9e063cea51cc50bca3a8d52874bcd7029d072df89b81928a6b226fc99c","14839580","1653449833","2022-05-25 03:37:13","0xd8da6bf26964af9d7eed9e03e53415d37aa96045","0x68b3465833fb72a70ecdf485e0e4c7bd8665fc45","125.317692331502726056","0x68b3465833fb72a70ecdf485e0e4c7bd8665fc45","0xd8da6bf26964af9d7eed9e03e53415d37aa96045","","0.473917259751898458","0","756.262945594287","1941.04","0","","call",""
"0x0c1e0b69e4af1815834db4fdc946e2a24f7a7625c992709cdd86c507067ff95e","14929873","1654737292","2022-06-09 01:14:52","0xd8da6bf26964af9d7eed9e03e53415d37aa96045","0x283af0b28c62c092c9727f1ee09c02ca627eb7f5","0.01534579708300888","0x283af0b28c62c092c9727f1ee09c02ca627eb7f5","0xd8da6bf26964af9d7eed9e03e53415d37aa96045","","0.001395072462091716","0","2.2262147828321","1787.71","0","","call",""
"0x6e1a6db2dfb8f96cbcc5520f3c06aaa9aeaa1ba4457aa305985aad2557ff82d2","14955435","1655115103","2022-06-13 10:11:43","0xd8da6bf26964af9d7eed9e03e53415d37aa96045","0x68b3465833fb72a70ecdf485e0e4c7bd8665fc45","0","0x68b3465833fb72a70ecdf485e0e4c7bd8665fc45","0xd8da6bf26964af9d7eed9e03e53415d37aa96045","","611.831148157427416823","0","976341.791295178","1209.12","0","","call",""
"0xc98668a082f62087b940feaf1b17b861728e1664c7ce5a4643e762799c8f7bc2","15096262","1657207972","2022-07-07 15:32:52","0xd8da6bf26964af9d7eed9e03e53415d37aa96045","0x68b3465833fb72a70ecdf485e0e4c7bd8665fc45","699.616448778938454824","0x68b3465833fb72a70ecdf485e0e4c7bd8665fc45","0xd8da6bf26964af9d7eed9e03e53415d37aa96045","","2.906127207741228793","0","4637.51061429722","1236.64","0","","call",""
"0x011c3c6cbdcaf637729873ba703b4583144040c9ed9b87ed6d613292f7e70e3a","15274088","1659591930","2022-08-04 05:45:30","0xd8da6bf26964af9d7eed9e03e53415d37aa96045","0x68b3465833fb72a70ecdf485e0e4c7bd8665fc45","60.960515469607293886","0x68b3465833fb72a70ecdf485e0e4c7bd8665fc45","0xd8da6bf26964af9d7eed9e03e53415d37aa96045","","0.303286146614961661","0","483.974934183757","1607.96","0","","call",""
"0x2cec9275c134038b257a98c5a512466f2151b70b98ea1440b82d4a36509d8c2b","15274105","1659592050","2022-08-04 05:47:30","0xd8da6bf26964af9d7eed9e03e53415d37aa96045","0x68b3465833fb72a70ecdf485e0e4c7bd8665fc45","7.427056034207814857","0x68b3465833fb72a70ecdf485e0e4c7bd8665fc45","0xd8da6bf26964af9d7eed9e03e53415d37aa96045","","0.039280325465371964","0","62.6823649678766","1607.96","0","","call",""
"0xa2286d60a99b8a102ec883807cba4c3df2547cedba85e769908df7ddfd08108f","15274112","1659592175","2022-08-04 05:49:35","0xd8da6bf26964af9d7eed9e03e53415d37aa96045","0x68b3465833fb72a70ecdf485e0e4c7bd8665fc45","0.003788829948804386","0x68b3465833fb72a70ecdf485e0e4c7bd8665fc45","0xd8da6bf26964af9d7eed9e03e53415d37aa96045","","0.000760403333511191","0","1.21342882751715","1607.96","0","","call",""
"0xffbfa58d2818293383592f851c8ecc5487029c0134f094759ba842596ad40e3f","15281067","1659685787","2022-08-05 07:49:47","0xd8da6bf26964af9d7eed9e03e53415d37aa96045","0x68b3465833fb72a70ecdf485e0e4c7bd8665fc45","0","0x68b3465833fb72a70ecdf485e0e4c7bd8665fc45","0xd8da6bf26964af9d7eed9e03e53415d37aa96045","","0.432812086621031705","0","690.668543467244","1736.78","0","","call",""
"0x95b6a49633937c1f784cb7706f9565b3ec08112dd68efeccf267ea963a1fed08","15479701","1662406818","2022-09-05 19:40:18","0x302ee7e96dbc6ddead7a3fdbe4352990f48baa01","0x6eaeb0cc795143caa4804d4cfc3b5b348bc0ebb5","0.000540016802016241","0x6eaeb0cc795143caa4804d4cfc3b5b348bc0ebb5","0xd8da6bf26964af9d7eed9e03e53415d37aa96045","","0.0004","0","0.638308","1617.50","0","","call",""
"0x06817c25d19b80497317a1a082e7487edc7304bbfe5affb84132c718f1c85107","15751216","1665809183","2022-10-15 04:46:23","0x302ee7e96dbc6ddead7a3fdbe4352990f48baa01","0xfc76ef74b250df58792155d5a99d9102f90dce0a","0.000001","0xfc76ef74b250df58792155d5a99d9102f90dce0a","0xd8da6bf26964af9d7eed9e03e53415d37aa96045","","0.000001","0","0.00159577","1274.91","0","","call",""
"0xac8f15f6eeaab126233eb95cc5d1e4b97dd9e6fb35be1b03f7c58a5551f8bc26","15932978","1668003071","2022-11-09 14:11:11","0x7830c87c02e56aff27fa8ab1241711331fa86f43","0xa9d1e08c7793af67e9d92fe308d5697fb81d3e43","0","0xa9d1e08c7793af67e9d92fe308d5697fb81d3e43","0xd8da6bf26964af9d7eed9e03e53415d37aa96045","","0.04235903","0","67.5952693031","1104.17","0","","call",""
"0x9847acfee40a9aafab839e9f89c6c12606f3e4f451d0298327f79bc370e7dae6","15990998","1668703247","2022-11-17 16:40:47","0xd8da6bf26964af9d7eed9e03e53415d37aa96045","0x68b3465833fb72a70ecdf485e0e4c7bd8665fc45","400.011548804193027562","0x68b3465833fb72a70ecdf485e0e4c7bd8665fc45","0xd8da6bf26964af9d7eed9e03e53415d37aa96045","","0.00000853382167682","0","0.0136180166172191","1199.45","0","","call",""
"0xce42997694e5845b1eae5250e4f942d4cee2e9e6e3ec7952ab5f61e0edf6738c","16133571","1670425091","2022-12-07 14:58:11","0xd8da6bf26964af9d7eed9e03e53415d37aa96045","0x68b3465833fb72a70ecdf485e0e4c7bd8665fc45","2.161478307676028831","0x68b3465833fb72a70ecdf485e0e4c7bd8665fc45","0xd8da6bf26964af9d7eed9e03e53415d37aa96045","","0.010743396440026158","0","17.1439897371005","1231.35","0","","call",""
"0xee2b0145936c8c4f9fdc6393f639863730bcb9fe442896979906b766a9d8b52f","16141214","1670517275","2022-12-08 16:34:35","0xd8da6bf26964af9d7eed9e03e53415d37aa96045","0x68b3465833fb72a70ecdf485e0e4c7bd8665fc45","1.70722595911815825","0x68b3465833fb72a70ecdf485e0e4c7bd8665fc45","0xd8da6bf26964af9d7eed9e03e53415d37aa96045","","0.008500774874711328","0","13.5652815218181","1280.28","0","","call",""
"0x178a86561b223c00dd14010dca22002841fb2011183dbc78f6b460636513dc6b","16239068","1671697955","2022-12-22 08:32:35","0x9888dd9fab5ce6848c7f458cdbcba6be23e44df4","0x9809efe2eb775c932bc1a8573e28b75f07aa7783","0.001","0x9809efe2eb775c932bc1a8573e28b75f07aa7783","0xd8da6bf26964af9d7eed9e03e53415d37aa96045","","0.001","0","1.59577","1217.51","0","","call",""
"0x88b8b508db9607a1855a00ac71ec20cb627018b85860303ed0686798303c8798","16239068","1671697955","2022-12-22 08:32:35","0x9888dd9fab5ce6848c7f458cdbcba6be23e44df4","0x9809efe2eb775c932bc1a8573e28b75f07aa7783","0.001","0x9809efe2eb775c932bc1a8573e28b75f07aa7783","0xd8da6bf26964af9d7eed9e03e53415d37aa96045","","0.001","0","1.59577","1217.51","0","","call",""
"0x87b8ba3c708b5bc86f90da1745fa288db8fcf22c8881ff207469cde75dca9b7b","16281519","1672209635","2022-12-28 06:40:35","0x9888dd9fab5ce6848c7f458cdbcba6be23e44df4","0x2093c652baeb79f14d773eed36266258f467d3fc","0.001","0x2093c652baeb79f14d773eed36266258f467d3fc","0xd8da6bf26964af9d7eed9e03e53415d37aa96045","","0.001","0","1.59577","1189.27","0","","call",""
"0xe97f17478723269fca1e4a1e1ac5ab1a43a8f904d46da4ef2dac089b6fa91c54","16361461","1673173547","2023-01-08 10:25:47","0xa173bddf4953c1e8be2ca0695cfc07502ff3b1e7","0xff1f2b4adb9df6fc8eafecdcbf96a2b351680455","0","0xff1f2b4adb9df6fc8eafecdcbf96a2b351680455","0xd8da6bf26964af9d7eed9e03e53415d37aa96045","","0.042069","0","67.13244813","1288.62","0","","call",""
"0xa25dfab6bd7f48b0f8e77af6164c2771a0705e899aa337b386937ca75ad6f9f0","16413181","1673797535","2023-01-15 15:45:35","0xd8da6bf26964af9d7eed9e03e53415d37aa96045","0x220866b1a2219f40e72f5c628b65d54268ca3a9d","0","0x220866b1a2219f40e72f5c628b65d54268ca3a9d","0xd8da6bf26964af9d7eed9e03e53415d37aa96045","","6000","0","9574620","1552.71","0","","call",""
"0xf82bd3d38b4c17821ed0c6d895a1a3951fec3b7f74c7089239e4e55c27f24238","16457330","1674330047","2023-01-21 19:40:47","0xd8da6bf26964af9d7eed9e03e53415d37aa96045","0xef1c6e67703c7bd7107eed8303fbe6ec2554bf6b","489.658427033604553761","0xef1c6e67703c7bd7107eed8303fbe6ec2554bf6b","0xd8da6bf26964af9d7eed9e03e53415d37aa96045","","23.317472465439554641","0","37209.3230361745","1626.68","0","","call",""
"0xef28cfcf2e3a9352402ee3c4c1d21e6452cf606aa169850b270e17df2a338f2b","16457341","1674330179","2023-01-21 19:42:59","0xd8da6bf26964af9d7eed9e03e53415d37aa96045","0x6248230fba26a2161a71b01486884db41d6524a6","0","0x6248230fba26a2161a71b01486884db41d6524a6","0xd8da6bf26964af9d7eed9e03e53415d37aa96045","","2500","0","3989425","1626.68","0","","call",""
